latitude,longitude,TaskID,clientName,Status,Team
24.54845896,39.65340525,65130079,Gado,قفل متأخر,shakel
24.47298473,39.65969637,65646169,Gado,تطبيب -التوصيلة,shakel
24.52849274,39.64810025,61179773,Gado,S-STCKR,shakel
24.49248059,39.6729366,58970646,Gado,S-STCKR,shakel
24.5260059,39.64817296,61278814,Gado,S-STCKR,shakel
24.54456079,39.6845972,61258055,Gado,S-STCKR,shakel
24.54461991,39.68917874,61286622,Gado,S-STCKR,shakel
24.47435957,39.62527611,61153338,nosair,S-STCKR,shakel
24.47543115,39.62409666,61153244,nosair,S-STCKR,shakel
24.54601916,39.68955927,61286365,nosair,S-STCKR,shakel
24.5498732,39.6880837,58854989,nosair,S-STCKR,shakel
24.54269846,39.68347187,61257991,nosair,S-STCKR,shakel
24.54471933,39.67909874,61261513,shakel,S-STCKR,shakel
24.50243717,39.69046365,58973118,shakel,S-STCKR,shakel
24.47776081,39.62385707,61248999,shakel,S-STCKR,shakel
24.49168668,39.67337641,58971326,shakel,S-STCKR,shakel
24.53737412,39.68859807,61179868,shakel,S-STCKR,shakel
24.48835713,39.6736622,58858310,shakel,S-STCKR,shakel
24.54109597,39.68807345,61261801,shakel,S-STCKR,shakel
24.53955482,39.68454799,61245910,shakel,S-STCKR,shakel
24.55347242,39.68582056,61260384,shakel,S-STCKR,shakel
24.54554772,39.68524779,61269520,shakel,S-STCKR,shakel
24.48404648,39.63813943,61202372,shakel,S-STCKR,shakel
24.48996092,39.67222358,58733428,shakel,S-STCKR,shakel
24.54917686,39.6881764,61245888,shakel,S-STCKR,shakel
24.52545597,39.644565,61262698,tarek,S-STCKR,shakel
24.54144982,39.69000679,61286366,tarek,S-STCKR,shakel
24.47662049,39.62731121,61248539,tarek,S-STCKR,shakel
24.52217323,39.64712922,61262694,tarek,S-STCKR,shakel
24.525535,39.6446433,61200022,tarek,S-STCKR,shakel
24.48263374,39.68313109,58843282,tarek,S-STCKR,shakel
24.48243062,39.68176868,58852438,tarek,S-STCKR,shakel
24.47683173,39.6226158,61682037,tarek,S-STCKR,shakel
24.48897414,39.70025295,63861648,tarek,S-STCKR,shakel
24.54025236,39.68655131,61200003,tarek,S-STCKR,shakel
24.48607616,39.68014743,58943176,tarek,S-STCKR,shakel
24.48361484,39.67472943,58852670,waqas,S-STCKR,shakel
24.4926264,39.67150139,58922954,waqas,S-STCKR,shakel
24.47459687,39.64668264,58972863,waqas,S-STCKR,shakel
24.56416887,39.681474,61159890,ساجد,S-STCKR,shakel
24.47050974,39.63381097,63957799,ساجد,S-STCKR,shakel
24.53039554,39.6465573,61200117,سفيان-سفير,S-STCKR,shakel
24.46995958,39.62680947,61289361,سفيان-سفير,S-STCKR,shakel
24.47725113,39.62767533,64155439,سفيان-سفير,S-STCKR,shakel
24.47443451,39.63624411,61202053,عابد,S-STCKR,shakel
24.52306876,39.64691221,61153277,عابد,S-STCKR,shakel
24.52822593,39.64752064,61263467,عابد,S-STCKR,shakel
24.54058208,39.68531122,61258073,عابد,S-STCKR,shakel
24.48473386,39.66408169,58845186,عابد,S-STCKR,shakel
24.54205717,39.68673919,61269138,عبدالرحمن,S-STCKR,shakel
24.47554545,39.63515564,61202378,متولي-عبدالباسط,S-STCKR,sajed
24.48166405,39.68405814,58851641,متولي-عبدالباسط,S-STCKR,sajed
24.5414969,39.68595483,61373777,متولي-عبدالباسط,S-STCKR,sajed
24.5481624,39.68038256,61200218,متولي-عبدالباسط,S-STCKR,sajed
24.5426004,39.68653543,61373790,مقاول2,S-STCKR,sajed
24.52188681,39.64719608,61262682,مقاول2,S-STCKR,sajed
24.47065883,39.62944599,58973362,مقاول2,S-STCKR,sajed
24.54215936,39.6884562,58845204,مقاول2,S-STCKR,sajed
24.50392043,39.69316237,61325162,نبيل,S-STCKR,sajed
24.47468366,39.6371779,61202241,نبيل,S-STCKR,sajed
24.54407628,39.69017101,61309001,نبيل,S-STCKR,sajed
24.52339135,39.64573196,61259924,نبيل,S-STCKR,sajed
24.54275547,39.68929709,58985231,#N/A,S-STCKR,sajed
24.52218631,39.64877555,61200088,#N/A,S-STCKR,sajed
24.54719837,39.68837172,61204982,#N/A,S-STCKR,sajed
24.43847003,39.66655121,61402631,#N/A,S-STCKR,waqas
24.44597265,39.63073473,61373531,,S-STCKR,waqas
24.44955917,39.67082709,61257248,,S-STCKR,waqas
24.4569368,39.68243944,61356573,,S-STCKR,waqas
24.4648344,39.66764257,61356538,,S-STCKR,waqas
24.43955078,39.66157169,61356620,,S-STCKR,waqas
24.45495523,39.62290491,61509593,,S-STCKR,nabil
24.45576147,39.62516598,61509614,,S-STCKR,nabil
24.4528807,39.6203466,61509650,,S-STCKR,nabil
24.44296444,39.65310695,61257463,,S-STCKR,nabil
24.45778183,39.66955991,61368514,,S-STCKR,nabil
24.44030456,39.66733582,61299794,,S-STCKR,nabil
24.43981503,39.66004921,61373411,,S-STCKR,nabil
24.43979523,39.66577105,61409138,,S-STCKR,nabil
24.43814714,39.6645599,64375094,,S-STCKR,nabil
24.44192731,39.65450036,61257414,,S-STCKR,nabil
24.44969718,39.62935829,61507659,,S-STCKR,nabil
24.44008519,39.68336203,61299989,,S-STCKR,nabil
24.4524544,39.62595783,61507298,,S-STCKR,nabil
24.4458127,39.62384811,61541616,,S-STCKR,nabil
24.44673152,39.64192948,61574097,,S-STCKR,nabil
24.452287,39.6201363,61508576,,S-STCKR,nabil
24.43794511,39.68075147,64146310,,S-STCKR,nabil
24.45264259,39.67052158,61373891,,S-STCKR,nabil
24.44588843,39.67262931,61356570,,S-STCKR,nabil
24.44882513,39.63530899,64259679,,S-STCKR,nabil
24.43577877,39.63335197,61456002,,S-STCKR,nabil
24.4392633,39.68381669,61257643,,S-STCKR,nabil
24.44081731,39.6864608,61179640,,S-STCKR,nabil
24.43946658,39.66462536,61299839,,S-STCKR,nabil
24.44427391,39.66379487,61406586,,S-STCKR,nabil
24.43950234,39.67570813,61409183,,S-STCKR,nabil
24.43989342,39.67640763,61457431,,S-STCKR,nabil
24.44805489,39.675328,61356541,,S-STCKR,nabil
24.45032276,39.67847488,61457398,,S-STCKR,nabil
24.4393093,39.68370013,61257646,,S-STCKR,waqas
24.44710949,39.68640644,61257600,,S-STCKR,waqas
24.43905287,39.68065825,61299418,,S-STCKR,waqas
24.4501025,39.6282929,61373536,,S-STCKR,waqas
24.45343873,39.67800666,61356554,,S-STCKR,waqas
24.43915184,39.67705115,61299916,,S-STCKR,waqas
24.44037672,39.68304586,61257351,,S-STCKR,waqas
24.44532945,39.68666377,64261999,,S-STCKR,waqas
24.44691024,39.68568918,61257335,,S-STCKR,waqas
24.43961808,39.67235505,61244326,,S-STCKR,waqas
24.44161482,39.6593959,61403431,,S-STCKR,waqas
24.4550049,39.66861397,61457882,,S-STCKR,waqas
24.44019621,39.65901987,61407106,,S-STCKR,waqas
24.44971896,39.67763279,61356545,,S-STCKR,waqas
24.43831127,39.6841014,61257617,,S-STCKR,waqas
24.43870933,39.68348879,61257613,,S-STCKR,waqas
24.44034703,39.68170619,61457360,,S-STCKR,waqas
24.44963247,39.62897206,61507656,,S-STCKR,waqas
24.44225225,39.65569204,61455894,,S-STCKR,waqas
24.44615873,39.68475366,61596232,,S-STCKR,waqas
24.44963213,39.67822208,61456190,,S-STCKR,waqas
24.43723848,39.67865429,61299868,,S-STCKR,waqas
24.4498545,39.6846738,61262816,,S-STCKR,waqas
24.45244234,39.62505416,61500743,,S-STCKR,waqas
24.46422132,39.66775185,61373618,,S-STCKR,waqas
24.45544562,39.67089055,61373427,,S-STCKR,waqas
24.43438122,39.6742374,61299762,,S-STCKR,waqas
24.45548289,39.6207148,61507279,,S-STCKR,waqas
24.44965826,39.67399928,61406914,,S-STCKR,waqas
24.44115438,39.6845256,61257403,,S-STCKR,waqas
24.44676964,39.68881357,61456343,,S-STCKR,waqas
24.45525983,39.624353,61509557,,S-STCKR,waqas
24.43867807,39.68360012,61257373,,S-STCKR,waqas
24.4435026,39.6627232,61403625,,S-STCKR,waqas
24.43553624,39.67730024,61299977,,S-STCKR,waqas
24.45616805,39.62464951,61508658,,S-STCKR,waqas
24.43976578,39.67149662,61409140,,S-STCKR,waqas
24.44345269,39.66324952,61356597,,S-STCKR,waqas
24.45496431,39.67216884,61458177,,S-STCKR,waqas
24.43939331,39.67159225,61409194,,S-STCKR,waqas
24.44020245,39.66749169,61457363,,S-STCKR,waqas
24.44068071,39.65912199,61407097,,S-STCKR,waqas
24.44675048,39.68858761,61456133,,S-STCKR,waqas
24.4364476,39.6819033,61299444,,S-STCKR,waqas
24.44416543,39.66396489,61406594,,S-STCKR,waqas
24.43973226,39.67523561,61299912,,S-STCKR,waqas
24.44551399,39.69417387,64146309,,S-STCKR,waqas
24.45070824,39.68207168,61456094,,S-STCKR,waqas
24.46583228,39.66535269,61360552,,S-STCKR,waqas
24.44239033,39.68446067,61257598,,S-STCKR,waqas
24.44068444,39.67190742,61458206,,S-STCKR,waqas
24.45022326,39.62382292,61507617,,S-STCKR,waqas
24.4465704,39.68634162,61257870,,S-STCKR,waqas
24.46091162,39.62380043,61508011,,S-STCKR,waqas
24.44364193,39.68068599,61456144,,S-STCKR,waqas
24.43995584,39.68328934,61257355,,S-STCKR,waqas
24.44901958,39.68679059,58943091,,S-STCKR,waqas
24.46489659,39.6343576,61496674,,S-STCKR,waqas
24.44463666,39.62478954,61589443,,S-STCKR,waqas
24.44648838,39.67385823,61401827,,S-STCKR,waqas
24.45670265,39.6234752,61508588,,S-STCKR,waqas
24.4452022,39.67423462,61401782,,S-STCKR,waqas
24.43898321,39.67172628,87968903,,S-STCKR,waqas
24.43935007,39.66635139,61409145,,S-STCKR,waqas
24.44525795,39.68057975,85091058,,S-STCKR,waqas
24.45660862,39.62115462,61373640,,S-STCKR,waqas
24.44780494,39.67933917,61401883,,S-STCKR,waqas
24.43977577,39.67093268,61299627,,S-STCKR,waqas
24.43308256,39.63523785,61456667,,S-STCKR,waqas
24.44642027,39.68045202,61274556,,S-STCKR,waqas
24.4457965,39.63091773,61373703,,S-STCKR,waqas
24.45415784,39.66933408,61373856,,S-STCKR,waqas
24.43797118,39.66378701,61299683,,S-STCKR,waqas
24.44907159,39.68265154,61456234,,S-STCKR,waqas
24.43993135,39.67285208,61458116,,S-STCKR,waqas
24.4383578,39.663498,61299677,,S-STCKR,waqas
24.4489809,39.6832595,84911828,,S-STCKR,waqas
24.44581136,39.66476697,61260103,,S-STCKR,waqas
24.44079725,39.65998889,61373565,,S-STCKR,waqas
24.44715173,39.67878331,61272787,,S-STCKR,waqas
24.44715828,39.67492178,64457421,,S-STCKR,waqas
24.4482053,39.67913203,61456048,,S-STCKR,waqas
24.4606913,39.61413449,61507257,,S-STCKR,waqas
24.44652033,39.68514775,61119996,,S-STCKR,waqas
24.45147738,39.67342536,61356530,,S-STCKR,waqas
24.44360399,39.69295845,61272874,,S-STCKR,waqas
24.43903074,39.68403498,61257511,,S-STCKR,waqas
24.45044998,39.67892143,61457396,,S-STCKR,waqas
24.44650774,39.68164369,61274300,,S-STCKR,waqas
24.44105231,39.68656438,61778265,,S-STCKR,waqas
24.45572202,39.62266644,61500838,,S-STCKR,waqas
24.44107832,39.6661496,61402263,,S-STCKR,waqas
24.462709,39.6189345,61589940,,S-STCKR,waqas
24.4463223,39.68504801,64261984,,S-STCKR,waqas
24.44347176,39.69246599,64261857,,S-STCKR,waqas
24.44672387,39.68203042,61274504,,S-STCKR,waqas
24.45965547,39.61151058,87910950,,S-STCKR,waqas
24.44036984,39.67209401,61402572,,S-STCKR,waqas
24.45592531,39.62350252,61508639,,S-STCKR,waqas
24.43057182,39.65626004,61274736,,S-STCKR,waqas
24.45671712,39.62147953,70389248,,S-STCKR,waqas
24.4561917,39.68260263,61403260,,S-STCKR,waqas
24.44411875,39.69355155,65145215,,S-STCKR,waqas
24.44372776,39.69434481,65144780,,S-STCKR,waqas
24.43976777,39.66516462,61402265,,S-STCKR,waqas
24.45428412,39.62118157,61508030,,S-STCKR,waqas
24.43928047,39.67119118,64290633,,S-STCKR,waqas
24.45743283,39.66814605,61373988,,S-STCKR,waqas
24.46532094,39.63036286,61299651,,S-STCKR,waqas
24.44039771,39.67744396,61300107,,S-STCKR,waqas
24.47105853,39.62941826,61248875,,S-STCKR,shakel
24.4794913,39.6860994,58851667,,S-STCKR,shakel
24.52401701,39.64620745,61259941,,S-STCKR,shakel
24.53315748,39.6780149,61407373,,S-STCKR,shakel
24.45870083,39.62222547,64155235,,S-STCKR,waqas
24.45862446,39.62232491,61500796,,S-STCKR,waqas
24.47948114,39.62871556,58972734,,S-STCKR,shakel
24.44988324,39.67320072,85238405,,S-STCKR,waqas
24.45886757,39.62207316,61272415,,S-STCKR,waqas
24.44081703,39.68645884,61272746,,S-STCKR,waqas
24.45207761,39.64078048,61589448,,S-STCKR,waqas
24.43739641,39.67871323,61299869,,S-STCKR,waqas
24.48916121,39.66323673,58843833,,S-STCKR,shakel
24.50422271,39.64057901,61324964,,S-STCKR,shakel
24.43568661,39.67812772,61257503,,S-STCKR,waqas
24.45649317,39.62415555,65039877,,S-STCKR,waqas
24.44697517,39.67541815,61401796,,S-STCKR,waqas
24.44699335,39.68367254,61456147,,S-STCKR,waqas
24.44564179,39.68763784,61274431,,S-STCKR,waqas
24.44271491,39.69458909,61274323,,S-STCKR,waqas
24.4738538,39.62502149,61153334,,S-STCKR,shakel
24.43949863,39.67257341,61244337,,S-STCKR,waqas
24.52823829,39.67196288,61262765,,S-STCKR,shakel
24.493163,39.664571,58970886,,S-STCKR,shakel
24.52574137,39.64446841,61262664,,S-STCKR,shakel
24.4387017,39.674093,85071870,,S-STCKR,waqas
24.52776744,39.66965273,61287114,,S-STCKR,shakel
24.444721,39.68096529,85090874,,S-STCKR,waqas
24.5300127,39.6468457,85071839,,S-STCKR,shakel
24.51928046,39.67667979,61402665,,S-STCKR,shakel
24.44162728,39.67158003,61299634,,S-STCKR,waqas
24.44425451,39.62519496,61509639,,S-STCKR,waqas
24.4541847,39.67626604,61368618,,S-STCKR,waqas
24.44135009,39.66646297,61299415,,S-STCKR,waqas
24.53911523,39.68806811,61179387,,S-STCKR,shakel
24.44043487,39.67952635,61257592,,S-STCKR,waqas
24.44660417,39.68083474,61257639,,S-STCKR,waqas
24.453187,39.630165,61500830,,S-STCKR,waqas
24.52673402,39.64850016,61272258,,S-STCKR,shakel
24.44298919,39.63751023,61455951,,S-STCKR,waqas
24.47281876,39.6264286,64146489,,S-STCKR,shakel
24.46208369,39.61946966,61509287,,S-STCKR,waqas
24.44057525,39.68362906,61257507,,S-STCKR,waqas
24.47013912,39.62934606,61259837,,S-STCKR,shakel
24.53276918,39.67804721,61407024,,S-STCKR,shakel
24.45796277,39.66798423,61373971,,S-STCKR,waqas
24.51377182,39.66533062,84947948,,S-STCKR,shakel
24.46665084,39.63192505,61504421,,S-STCKR,waqas
24.44063883,39.67420753,61299707,,S-STCKR,waqas
24.45026788,39.68115667,61456110,,S-STCKR,waqas
24.45901422,39.62133941,61500991,,S-STCKR,waqas
24.46194969,39.61314559,61497153,,S-STCKR,waqas
24.44901837,39.62905227,61690787,,S-STCKR,waqas
24.43957525,39.67133243,61409173,,S-STCKR,waqas
24.44583045,39.68220894,61274551,,S-STCKR,waqas
24.44537931,39.68040057,61274539,,S-STCKR,waqas
24.4359499,39.6770815,85443497,,S-STCKR,waqas
24.45027374,39.67869642,61257593,,S-STCKR,waqas
24.52717344,39.64782087,61262878,,S-STCKR,shakel
24.52848048,39.67249231,61262745,,S-STCKR,shakel
24.46981181,39.62686742,61275333,,S-STCKR,shakel
24.44490196,39.62954633,61589408,,S-STCKR,waqas
24.44641888,39.6804179,61274552,,S-STCKR,waqas
24.50187172,39.64425235,61205290,,S-STCKR,shakel
24.52579755,39.64843125,61263444,,S-STCKR,shakel
24.4364294,39.65205878,61238165,,S-STCKR,waqas
24.47734086,39.62779034,58973394,,S-STCKR,shakel
24.43655609,39.67655051,61299983,,S-STCKR,waqas
24.44023358,39.67061471,61299942,,S-STCKR,waqas
24.45046199,39.63737679,61507988,,S-STCKR,waqas
24.45473329,39.67815593,61403896,,S-STCKR,waqas
24.52701872,39.66969612,61287086,,S-STCKR,shakel
24.5356515,39.67892336,65929853,,S-STCKR,shakel
24.4421166,39.65327414,61403824,,S-STCKR,waqas
24.45638906,39.62444086,61508738,,S-STCKR,waqas
24.47732186,39.62793453,58973138,,S-STCKR,shakel
24.5236472,39.6450206,61120055,,S-STCKR,shakel
24.53366717,39.67801336,61406757,,S-STCKR,shakel
24.4484293,39.68402484,61272734,,S-STCKR,waqas
24.50180893,39.64237987,64259846,,S-STCKR,shakel
24.4406318,39.67278901,61456326,,S-STCKR,waqas
24.52669517,39.66763236,61236860,,S-STCKR,shakel
24.52664898,39.64526104,61275344,,S-STCKR,shakel
24.44742399,39.68479293,61272755,,S-STCKR,waqas
24.44710001,39.68614015,61257659,,S-STCKR,waqas
24.47153548,39.62691086,61248888,,S-STCKR,shakel
24.52974527,39.64737182,61272382,,S-STCKR,shakel
24.45823909,39.62251123,61272388,,S-STCKR,waqas
24.44870419,39.6824186,85071848,,S-STCKR,waqas
24.5257912,39.67131442,61342411,,S-STCKR,shakel
24.5341987,39.6767535,61406693,,S-STCKR,shakel
24.49203873,39.66627378,61269269,,S-STCKR,shakel
24.44241964,39.68501109,61299756,,S-STCKR,waqas
24.44652124,39.68248748,61274518,,S-STCKR,waqas
24.44561923,39.68328161,61274505,,S-STCKR,waqas
24.53276305,39.67947258,61406715,,S-STCKR,shakel
24.47824827,39.62848009,61275292,,S-STCKR,shakel
24.53005612,39.67701142,61407435,,S-STCKR,shakel
24.43545196,39.67922449,61299978,,S-STCKR,waqas
24.44626,39.664145,61406635,,S-STCKR,waqas
24.53632917,39.67754684,61406714,,S-STCKR,shakel
24.44549143,39.68329053,61274517,,S-STCKR,waqas
24.47202881,39.62754274,61278850,,S-STCKR,shakel
24.4348239,39.6517348,82832356,,S-STCKR,waqas
24.45085956,39.67815375,61406988,,S-STCKR,waqas
24.45657769,39.62229264,61508651,,S-STCKR,waqas
24.44209735,39.67627191,65098291,,S-STCKR,waqas
24.44608082,39.68163639,64290637,,S-STCKR,waqas
24.45562246,39.6827222,61406980,,S-STCKR,waqas
24.44652939,39.6835552,61456120,,S-STCKR,waqas
24.44629632,39.67664372,61456285,,S-STCKR,waqas
24.45658025,39.6235959,61508633,,S-STCKR,waqas
24.45617454,39.66839616,61457430,,S-STCKR,waqas
24.44145835,39.66630409,61299769,,S-STCKR,waqas
24.44470453,39.65886688,61237599,,S-STCKR,waqas
24.44936483,39.68451016,61456192,,S-STCKR,waqas
24.44523553,39.65431624,61257408,,S-STCKR,waqas
24.46047906,39.61415083,82515818,,S-STCKR,waqas
24.45159611,39.62198442,61508657,,S-STCKR,waqas
24.44450384,39.6628135,61260069,,S-STCKR,waqas
24.44993556,39.62637998,61272474,,S-STCKR,waqas
24.45667066,39.62226902,61509572,,S-STCKR,waqas
24.45480907,39.67371091,84918502,,S-STCKR,waqas
24.4394538,39.66630943,61409136,,S-STCKR,waqas
24.44910643,39.68265335,61456204,,S-STCKR,waqas
24.43985099,39.67538207,61300019,,S-STCKR,waqas
24.44695369,39.68608791,61257666,,S-STCKR,waqas
24.46126416,39.61308525,10111005911,,S-STCKR,waqas
24.44029915,39.67739227,61300101,,S-STCKR,waqas
24.48598153,39.68541406,58845159,,S-STCKR,shakel
24.53257273,39.67673297,61407017,,S-STCKR,shakel
24.4518664,39.68133978,61456086,,S-STCKR,waqas
24.47143184,39.62940703,61248880,,S-STCKR,shakel
24.52378803,39.64888392,61262857,,S-STCKR,shakel
24.47299862,39.62602986,61153969,,S-STCKR,shakel
24.44109779,39.6784229,85071865,,S-STCKR,waqas
24.52606257,39.64232094,61308960,,S-STCKR,shakel
24.52792801,39.67337415,61342779,,S-STCKR,shakel
24.5243733,39.645,61259952,,S-STCKR,shakel
24.52748041,39.67038766,61342914,,S-STCKR,shakel
24.4557068,39.62190712,61272476,,S-STCKR,waqas
24.5403757,39.68865176,61269179,,S-STCKR,shakel
24.52710686,39.67349405,61262659,,S-STCKR,shakel
24.52801541,39.67017737,61287084,,S-STCKR,shakel
24.4362358,39.6764966,85071998,,S-STCKR,waqas
24.43906759,39.68394248,61257642,,S-STCKR,waqas
24.52889077,39.6474376,61263448,,S-STCKR,shakel
24.44104497,39.66693186,61457369,,S-STCKR,waqas
24.53230486,39.67807953,82832341,,S-STCKR,shakel
24.52857926,39.64910497,61272385,,S-STCKR,shakel
24.54717129,39.68520003,61260090,,S-STCKR,shakel
24.53347471,39.67718807,61407046,,S-STCKR,shakel
24.45132409,39.6865795,85071844,,S-STCKR,waqas
24.52520823,39.64919992,61263446,,S-STCKR,shakel
24.45848987,39.62312986,61272471,,S-STCKR,waqas
24.43968481,39.66510528,61402301,,S-STCKR,waqas
24.43982872,39.67882687,85443162,,S-STCKR,waqas
24.45242498,39.68772834,61274452,,S-STCKR,waqas
24.50375441,39.64430887,61249110,,S-STCKR,shakel
24.5233864,39.64984995,61262870,,S-STCKR,shakel
24.52725757,39.66929506,61342864,,S-STCKR,shakel
24.44111364,39.67499903,61402523,,S-STCKR,waqas
24.52455891,39.65068195,61272425,,S-STCKR,shakel
24.473899,39.62525,61153371,,S-STCKR,shakel
24.54571488,39.68917635,61286627,,S-STCKR,shakel
24.47060396,39.6288256,61248898,,S-STCKR,shakel
24.5606082,39.68136706,61205235,,S-STCKR,shakel
24.50345337,39.64174185,61325065,,S-STCKR,shakel
24.5224197,39.647049,85365331,,S-STCKR,shakel
24.55105891,39.68801748,58854965,,S-STCKR,shakel
24.45941582,39.62107729,61272292,,S-STCKR,waqas
24.52412161,39.67043429,61236525,,S-STCKR,shakel
24.53424858,39.67686153,61407617,,S-STCKR,shakel
24.52965084,39.67153839,61287217,,S-STCKR,shakel
24.5256725,39.647502,84756194,,S-STCKR,shakel
24.50415142,39.65067386,64259945,,S-STCKR,shakel
24.44682582,39.68204534,61274534,,S-STCKR,waqas
24.47237775,39.63066587,61153336,,S-STCKR,shakel
24.48893322,39.66265246,58943042,,S-STCKR,shakel
24.49147835,39.67665272,58973228,,S-STCKR,shakel
24.47327889,39.6296462,82919961,,S-STCKR,shakel
24.52932754,39.64568776,61278753,,S-STCKR,shakel
24.54270079,39.68390148,61245312,,S-STCKR,shakel
24.44106464,39.67567153,61274967,,S-STCKR,waqas
24.52656229,39.66938954,65066544,,S-STCKR,shakel
24.4465,39.6821,61701088,,S-STCKR,waqas
24.45946866,39.61205463,64423614,,S-STCKR,waqas
24.45975361,39.62074492,61272291,,S-STCKR,waqas
24.44845997,39.68134424,61272712,,S-STCKR,waqas
24.47409698,39.64019334,58858377,,S-STCKR,shakel
24.52515311,39.64807723,61275078,,S-STCKR,shakel
24.5265872,39.64865225,61275305,,S-STCKR,shakel
24.52637032,39.64861905,61275384,,S-STCKR,shakel
24.45290194,39.62139282,64500203,,S-STCKR,waqas
24.53431873,39.6797212,61407358,,S-STCKR,shakel
24.5394741,39.6839391,82761624,,S-STCKR,shakel
24.47014922,39.62933554,61248893,,S-STCKR,shakel
24.44406166,39.68516733,61274476,,S-STCKR,waqas
24.45119158,39.67841625,61456645,,S-STCKR,waqas
24.45480317,39.67415491,61458163,,S-STCKR,waqas
24.45017255,39.67957579,61257498,,S-STCKR,waqas
24.44893381,39.68255695,61299227,,S-STCKR,waqas
24.49177165,39.675639,58863590,,S-STCKR,shakel
24.45423689,39.6405805,65098243,,S-STCKR,waqas
24.53669143,39.68005229,61409056,,S-STCKR,shakel
24.44765838,39.67746065,64455116,,S-STCKR,waqas
24.47278139,39.64182729,64132281,,S-STCKR,shakel
24.55781126,39.68792928,61286570,,S-STCKR,shakel
24.445885,39.68639861,61690954,,S-STCKR,waqas
24.52598292,39.64731758,61272233,,S-STCKR,shakel
24.470163,39.6269708,61248871,,S-STCKR,shakel
24.47804927,39.62927456,61248573,,S-STCKR,shakel
24.52376769,39.67092591,61259842,,S-STCKR,shakel
24.43910558,39.68282272,61257362,,S-STCKR,waqas
24.43748064,39.67754252,65545264,,S-STCKR,waqas
24.44123748,39.66661539,61299411,,S-STCKR,waqas
24.44020864,39.67233773,61244357,,S-STCKR,waqas
24.44870285,39.68042998,61456075,,S-STCKR,waqas
24.43948956,39.66686626,61409137,,S-STCKR,waqas
24.45005108,39.68112797,61456097,,S-STCKR,waqas
24.43951512,39.6667852,61402237,,S-STCKR,waqas
24.44906299,39.67890353,61456156,,S-STCKR,waqas
24.43859798,39.68386658,61257205,,S-STCKR,waqas
24.44834435,39.67933912,61401832,,S-STCKR,waqas
24.44497347,39.62462293,61509633,,S-STCKR,waqas
24.44532326,39.68199897,61274562,,S-STCKR,waqas
24.4458931,39.6878885,61274307,,S-STCKR,waqas
24.44687983,39.68380607,61274503,,S-STCKR,waqas
24.44224288,39.67781703,61456148,,S-STCKR,waqas
24.44515613,39.68303851,61274564,,S-STCKR,waqas
24.44404399,39.68501274,61272751,,S-STCKR,waqas
24.44847506,39.67836155,61456194,,S-STCKR,waqas
24.4364101,39.68188474,61299442,,S-STCKR,waqas
24.455138,39.675684,61403521,,S-STCKR,waqas
24.4393637,39.66676556,61409146,,S-STCKR,waqas
24.44985916,39.6796828,61456180,,S-STCKR,waqas
24.44524515,39.68039057,61272761,,S-STCKR,waqas
24.44655017,39.67638878,64455122,,S-STCKR,waqas
24.4465704,39.68634162,61257695,,S-STCKR,waqas
24.44542447,39.68047301,61274524,,S-STCKR,waqas
24.44981825,39.67993237,61456021,,S-STCKR,waqas
24.43480266,39.67471646,64623839,,S-STCKR,waqas
24.43944954,39.63332748,64613790,,S-STCKR,waqas
24.43889054,39.67185859,61299624,,S-STCKR,waqas
24.450555,39.67780278,61257340,,S-STCKR,waqas
24.54204464,39.68653308,61268976,,S-STCKR,shakel
24.47865043,39.62858946,61368160,,S-STCKR,shakel
24.45759851,39.67003774,61457903,,S-STCKR,waqas
24.43914748,39.6717016,61409213,,S-STCKR,waqas
24.5626216,39.68251225,61269188,,S-STCKR,shakel
24.45052303,39.62862008,61500723,,S-STCKR,waqas
24.4507284,39.6876387,85365388,,S-STCKR,waqas
24.49017762,39.67313963,58973161,,S-STCKR,shakel
24.44934496,39.68307676,61274448,,S-STCKR,waqas
24.44642753,39.67784958,61456272,,S-STCKR,waqas
24.44455034,39.6908877,85090904,,S-STCKR,waqas
24.45434993,39.62326858,61272395,,S-STCKR,waqas
24.44491518,39.67311229,61456263,,S-STCKR,waqas
24.55167179,39.68067581,61199715,,S-STCKR,shakel
24.45661313,39.62116622,64260050,,S-STCKR,waqas
24.47974947,39.62834319,61259409,,S-STCKR,shakel
24.44488486,39.67314509,61456279,,S-STCKR,waqas
24.44595342,39.66397509,87910794,,S-STCKR,waqas
24.50196933,39.64444614,61324929,,S-STCKR,shakel
24.44890436,39.68304956,61272821,,S-STCKR,waqas
24.44468291,39.67794514,61456324,,S-STCKR,waqas
24.43747828,39.67873734,61257339,,S-STCKR,waqas
24.45071575,39.68767463,61299214,,S-STCKR,waqas
24.44509405,39.68266846,61274521,,S-STCKR,waqas
24.48149683,39.68419577,58843548,,S-STCKR,shakel
24.55147016,39.67945236,65773444,,S-STCKR,shakel
24.44851876,39.68224136,61272723,,S-STCKR,waqas
24.44565825,39.68327799,61274547,,S-STCKR,waqas
24.4549451,39.674546,61373922,,S-STCKR,waqas
24.43971332,39.66512984,61402213,,S-STCKR,waqas
24.4422,39.6761,61456347,,S-STCKR,waqas
24.44710975,39.68098381,61272765,,S-STCKR,waqas
24.44224941,39.67770721,61456134,,S-STCKR,waqas
24.4901985,39.6672572,64455130,,S-STCKR,shakel
24.53655111,39.67995288,61409074,,S-STCKR,shakel
24.4437275,39.6932129,61274326,,S-STCKR,waqas
24.44920915,39.67505147,61406985,,S-STCKR,waqas
24.44644464,39.68206697,65040103,,S-STCKR,waqas
24.4466057,39.67904298,61272777,,S-STCKR,waqas
24.49266049,39.64866186,61402536,,S-STCKR,shakel
24.50477504,39.70102579,85072297,,S-STCKR,shakel
24.4849059,39.6686808,64421165,,S-STCKR,shakel
24.55896591,39.68765788,61269605,,S-STCKR,shakel
24.49402248,39.64948754,61268909,,S-STCKR,shakel
24.43608715,39.67451356,84925726,,S-STCKR,waqas
24.49134798,39.67135988,58922942,,S-STCKR,shakel
24.44405558,39.6851207,61274474,,S-STCKR,waqas
24.48247403,39.67334731,58973019,,S-STCKR,shakel
24.54601629,39.68804504,61286624,,S-STCKR,shakel
24.45029789,39.681914,85365380,,S-STCKR,waqas
24.45579303,39.62151413,65039005,,S-STCKR,waqas
24.45105906,39.63285303,61272533,,S-STCKR,waqas
24.49240787,39.65965057,58733509,,S-STCKR,shakel
24.43935097,39.67104894,87969520,,S-STCKR,waqas
24.44875689,39.68255609,61272815,,S-STCKR,waqas
24.52318396,39.64966023,61272439,,S-STCKR,shakel
24.49250847,39.65966801,58734161,,S-STCKR,shakel
24.43942436,39.66638254,87969533,,S-STCKR,waqas
24.44705218,39.67841957,61274357,,S-STCKR,waqas
24.54215949,39.68824463,61286345,,S-STCKR,shakel
24.48902966,39.66321449,58843241,,S-STCKR,shakel
24.47294657,39.64875628,61179021,,S-STCKR,shakel
24.4407972,39.65998889,64455119,,S-STCKR,waqas
24.54311747,39.68673249,61268967,,S-STCKR,shakel
24.54415619,39.68420183,61258076,,S-STCKR,shakel
24.4713754,39.630373,85365100,,S-STCKR,shakel
24.43700715,39.6331254,64431099,,S-STCKR,waqas
24.5607038,39.68663045,61269527,,S-STCKR,shakel
24.4365463,39.6766423,85443646,,S-STCKR,waqas
24.4827373,39.6924369,64421797,,S-STCKR,shakel
24.44565217,39.67128637,65552632,,S-STCKR,waqas
24.44596297,39.67975135,61272767,,S-STCKR,waqas
24.5256857,39.6455287,61275258,,S-STCKR,shakel
24.43299511,39.67739196,65715721,,S-STCKR,waqas
24.56256529,39.6810886,61205059,,S-STCKR,shakel
24.44351655,39.69590552,65145308,,S-STCKR,waqas
24.47005949,39.62753333,82762289,,S-STCKR,shakel
24.470792,39.6276626,82919789,,S-STCKR,shakel
24.44355527,39.69399187,61274320,,S-STCKR,waqas
24.48038541,39.64874692,58942356,,قفل متأخر,shakel
24.49867989,39.66589121,58854932,,M-OFF,shakel
24.48548504,39.63429049,82404325,,M-OFF,shakel
24.48825915,39.65573708,61268923,,M-OFF,shakel
24.4562503,39.6716677,61458234,,M-OFF,waqas
24.45781307,39.65075046,61707294,,M-OFF,waqas
24.50512966,39.66710535,61372023,,M-OFF,shakel
24.45510448,39.68096517,61406981,,M-OFF,waqas
24.45077215,39.67292435,61356537,,M-OFF,waqas
24.45689385,39.61738947,61500777,,M-OFF,waqas
24.45078557,39.66420202,61360510,,M-OFF,waqas
24.47631,39.696755,58852376,,M-OFF,shakel
24.46164158,39.61408591,61589349,,M-OFF,waqas
24.43503584,39.65511296,61407071,,M-OFF,waqas
24.4538837,39.66323031,61403990,,M-OFF,waqas
24.4496532,39.6897054,61456236,,M-OFF,waqas
24.45596267,39.68148474,61368729,,M-OFF,waqas
24.43949138,39.63551804,61259662,,M-OFF,waqas
24.44509421,39.63038904,63847258,,M-OFF,waqas
24.505403,39.672326,61406934,,M-OFF,shakel
24.45402654,39.6559225,61728233,,M-OFF,waqas
24.45014628,39.67730857,64261970,,M-OFF,waqas
24.44350564,39.64654764,61452294,,M-OFF,waqas
24.472173,39.712048,66004900,,M-OFF,waqas
24.45898773,39.61555321,61589077,,M-OFF,waqas
24.4530727,39.6218481,85088836,,M-OFF,waqas
24.45823168,39.6683272,61458119,,M-OFF,waqas
24.44546633,39.64711871,61274337,,M-OFF,waqas
24.45148847,39.66233543,61401619,,M-OFF,waqas
24.4431678,39.65160481,61274567,,M-OFF,waqas
24.44245523,39.68707157,61272863,,M-OFF,waqas
24.4623929,39.6177978,85443327,,M-OFF,waqas
24.48612275,39.6448433,58923030,,M-OFF,shakel
24.44813147,39.64620318,61456621,,M-OFF,waqas
24.46147359,39.61338564,61589109,,M-OFF,waqas
24.48860829,39.6437679,64132109,,M-OFF,shakel
24.46171217,39.61318143,61589051,,M-OFF,waqas
24.45341431,39.66570888,61359976,,M-OFF,waqas
24.43980677,39.66939579,61458249,,M-OFF,waqas
24.45134327,39.66187529,64155425,,M-OFF,waqas
24.44674945,39.68385939,61272722,,M-OFF,waqas
24.45881774,39.61537437,61589068,,M-OFF,waqas
24.4316215,39.6373407,61507369,,M-OFF,waqas
24.46023007,39.61735304,61508595,,M-OFF,waqas
24.44546295,39.6460047,61456636,,M-OFF,waqas
24.42473091,39.63655508,61456706,,M-OFF,waqas
24.45078975,39.63666286,61500895,,M-OFF,waqas
24.52755103,39.64936254,82762127,,تطبيب -التوصيلة,shakel
24.45356213,39.6624132,61403994,,M-OFF,waqas
24.44382517,39.67489526,61456149,,M-OFF,waqas
24.44063883,39.67420753,61299707,,M-OFF,waqas
24.46222983,39.61875717,61589911,,M-OFF,waqas
24.44527857,39.68454724,61274468,,M-OFF,waqas
24.45697199,39.61550329,61509297,,M-OFF,waqas
24.43690608,39.65468989,61496555,,M-OFF,waqas
24.43972083,39.66594017,70412897,,M-OFF,waqas
24.44679859,39.67428356,61455688,,M-OFF,waqas
24.44065373,39.67820526,61299857,,M-OFF,waqas
24.44639814,39.65122515,61595755,,M-OFF,waqas
24.52615336,39.64694864,61289373,,M-OFF,shakel
24.48131949,39.63276112,58973027,,تطبيب -التوصيلة,shakel
24.4861726,39.65662691,58867869,,تطبيب -التوصيلة,shakel
24.52099453,39.64768757,61289364,,تطبيب -التوصيلة,shakel
24.47338067,39.65656514,58970957,,تطبيب -التوصيلة,shakel
24.4567122,39.6446079,65146241,,M-ON,waqas
24.48441656,39.64478456,63907990,,M-ON,shakel
24.48265336,39.68436466,58973414,,تطبيب -التوصيلة,shakel
24.45534017,39.62370291,64765717,,تطبيب -التوصيلة,waqas
24.52431289,39.6452045,85089237,,تطبيب -التوصيلة,shakel
24.4572645,39.6586597,64259316,,تطبيب -التوصيلة,waqas
24.50313856,39.64370009,85091099,,تطبيب -التوصيلة,shakel
24.44732841,39.67118682,61701092,,تطبيب -التوصيلة,waqas
24.52685386,39.67500991,61342114,,تطبيب -التوصيلة,shakel
24.4684044,39.6454634,61402026,,تطبيب -التوصيلة,waqas
24.46316873,39.63102232,61274943,,تطبيب -التوصيلة,waqas
24.54035837,39.67694733,61407281,,M-ON,shakel
24.48466389,39.65127017,58970923,,M-ON,shakel
24.49072589,39.70448007,10110765513,,M-ON,shakel
24.46478086,39.6560242,61262910,,M-ON,waqas
24.52726722,39.66819995,61245783,,قفل مهم,shakel
24.52726722,39.66819995,61245783,,M-ON,shakel
24.47774294,39.64083635,61496657,,M-ON,shakel
24.4892384,39.652073,10110989036,,M-ON,shakel
24.53047896,39.67164426,61287096,,M-ON,shakel
24.47942642,39.64259103,58854945,,M-ON,shakel
24.54450648,39.67956495,84925535,,M-ON,shakel
24.44397818,39.69426318,61274303,,M-ON,waqas
24.47385427,39.65439818,84918513,,M-OFF,shakel
24.47710326,39.63918705,58985413,,M-ON,shakel
24.49431557,39.655698,61269324,,M-ON,shakel
